{
    "concept":{
        "categories":{
            "name":"New Concept", 
            "pairs":[
                [1,0.2,0.33333,0.125,0.25], 
                [5,1,4,0.33333,3], 
                [3,0.25,1,0.2,2], 
                [8,3,5,1,6], 
                [4,0.33333,0.5,0.16666,1]
            ], 
                 
            "categories":[
                {
                    "name":"N Passageiros", 
                    "pairs":[
                        [1,2,4,6,3], 
                        [0.5,1,3,5,2], 
                        [0.25,0.33333,1,3,0.33333], 
                        [0.16667,0.2,0.33333,1,0.2], 
                        [0.33333,0.5,3,5,1]
                    ]
                }, 
                {
                    "name":"Eficiencia", 
                    "pairs":[[1,3],[0.33333,1]], 
                    "categories":[
                        {
                            "name":"Cruise", 
                            "pairs":[
                                [1,0.2,3,0.25,5], 
                                [5,1,7,2,9], 
                                [0.33333,0.14286,1,0.16666,3], 
                                [4,0.5,6,1,9], 
                                [0.2,0.11111,0.33333,0.11111,1]
                            ]
                        }, 
                        {
                            "name":"VTOL", 
                            "pairs":[
                                [1,5,0.33333,4,0.2], 
                                [0.2,1,0.125,0.5,0.11111], 
                                [3,8,1,5,0.25], 
                                [0.25,2,0.2,1,0.125], 
                                [5,9,4,8,1]
                            ]
                        }
                    ]
                }, 
                {
                    "name":"Poluicao", 
                    "pairs":[[1,0.2],[5,1]], 
                    "categories":[
                        {
                            "name":"Ruido", 
                            "pairs":[
                                [1,0.16666,0.5,0.25,0.5], 
                                [6,1,4,2,4], 
                                [2,0.25,1,0.5,1], 
                                [4,0.33333,2,1,2], 
                                [2,1,1,0.5,1]
                            ]
                        }, 
                        {
                            "name":"Poluicao", 
                            "pairs":[
                                [1,0.14286,4,0.5,2], 
                                [7,1,9,2,7], 
                                [0.25,0.11111,1,0.5,0.33333], 
                                [2,0.125,2,1,0.5], 
                                [0.5,0.14286,3,2,1]
                            ]
                        }
                    ]
                }, 
                {
                    "name":"Estabilidade", 
                    "pairs":[[1,3],[0.33333,1]], 
                    "categories":[
                        {
                            "name":"Cruise", 
                            "pairs":[
                                [1,0.33333,0.2,7,0.16667], 
                                [3,1,0.25,5,0.25], 
                                [5,4,1,8,0.33333], 
                                [0.14286,0.2,0.125,1,0.11111], 
                                [6,4,3,9,1]
                            ]
                        }, 
                        {
                            "name":"VTOL", 
                            "pairs":[
                                [1,7,0.5,5,0.33333], 
                                [0.14286,1,0.125,0.33333,0.14286], 
                                [2,8,1,4,0.33333], 
                                [0.2,3,0.25,1,0.2], 
                                [3,7,3,5,1]
                            ]
                        }
                    ]
                }, 
                {
                    "name":"MTOW", 
                    "pairs":[
                        [1,5,0.25,6,7], 
                        [0.2,1,0.2,3,4], 
                        [4,5,1,7,8], 
                        [0.16667,0.33333,0.14286,1,3], 
                        [0.14286,0.25,0.125,0.33333,1]
                    ]
                }
            ]
        }, 
        "designs":[
            {
                "name":"Medeira"
            }, 
            {
                "name":"Not a Lilium"
            }, 
            {
                "name":"Cheese Grater"
            }, 
            {
                "name":"Flying Dorito"
            }, 
            {
                "name":"Double Trouble"
            }
        ]
    }, 
    "mission":{
        "segments":[
            {
                "name":"First Ascent", 
                "type":"vertical_climb", 
                "energy_network":"Electric Energy Network", 
                "velocity":4, 
                "altitude":[0,100], 
                "temperature":[288.15,287.5], 
                "speed_sound":[340.29412435568145,339.91009509868928], 
                "pressure":[101325,100129.43869106943], 
                "density":[1.225,1.213282777273089], 
                "time":25, 
                "range":0
            }, 
            {
                "name":"First Transition - Up", 
                "type":"transition", 
                "energy_network":"Electric Energy Network", 
                "altitude":100, 
                "transition_angle":40, 
                "time":120, 
                "velocity":[4,60], 
                "temperature":287.5, 
                "speed_sound":339.91009509868928, 
                "pressure":100129.43869106943, 
                "density":1.213282777273089, 
                "range":3840
            }, 
            {
                "name":"First Climb", 
                "type":"climb", 
                "energy_network":"Hybrid Energy Network", 
                "velocity":60, 
                "altitude":[100,1100], 
                "angle":10, 
                "temperature":[287.5,281], 
                "speed_sound":[339.91009509868928,336.04566585510366], 
                "pressure":[100129.43869106943,88789.763662446421], 
                "density":[1.213282777273089,1.1007651724677936], 
                "time":95.979508052393911, 
                "range":5671.28181961771
            }, 
            {
                "name":"Madeira - Porto Santo", 
                "type":"cruise", 
                "energy_network":"Hybrid Energy Network", 
                "velocity":100, 
                "range":80000, 
                "altitude":1100, 
                "temperature":281, 
                "speed_sound":336.04566585510366, 
                "pressure":88789.763662446421, 
                "density":1.1007651724677936, 
                "time":800
            }, 
            {
                "name":"First Descent", 
                "type":"descent", 
                "energy_network":"Hybrid Energy Network", 
                "velocity":-70, 
                "altitude":[1100,100], 
                "angle":-10, 
                "temperature":[281,287.5], 
                "speed_sound":[336.04566585510366,339.91009509868928], 
                "pressure":[88789.763662446421,100129.43869106943], 
                "density":[1.1007651724677936,1.213282777273089], 
                "time":82.268149759194785, 
                "range":5671.28181961771
            }, 
            {
                "name":"First Transition - Down", 
                "type":"transition", 
                "energy_network":"Electric Energy Network", 
                "altitude":100, 
                "transition_angle":40, 
                "time":120, 
                "velocity":[-70,-4], 
                "temperature":287.5, 
                "speed_sound":339.91009509868928, 
                "pressure":100129.43869106943, 
                "density":1.213282777273089, 
                "range":-4440
            }, 
            {
                "name":"Second Vertical Descent", 
                "type":"vertical_descent", 
                "energy_network":"Electric Energy Network", 
                "velocity":-4, 
                "altitude":[100,0], 
                "temperature":[287.5,288.15], 
                "speed_sound":[339.91009509868928,340.29412435568145], 
                "pressure":[100129.43869106943,101325], 
                "density":[1.213282777273089,1.225], 
                "time":25, 
                "range":0
            }, 
            {
                "name":"Load Porto Santo", 
                "type":"load_step", 
                "mass":100, 
                "time":0, 
                "altitude":0, 
                "temperature":288.15, 
                "speed_sound":340.29412435568145, 
                "pressure":101325, 
                "density":1.225, 
                "velocity":0, 
                "range":0
            }, 
            {
                "name":"Second Ascent", 
                "type":"vertical_climb", 
                "energy_network":"Electric Energy Network", 
                "velocity":3, 
                "altitude":[0,100], 
                "temperature":[288.15,287.5], 
                "speed_sound":[340.29412435568145,339.91009509868928], 
                "pressure":[101325,100129.43869106943], 
                "density":[1.225,1.213282777273089], 
                "time":33.333333333333336, 
                "range":0
            }, 
            {
                "name":"Second Transition - Up", 
                "type":"transition", 
                "energy_network":"Electric Energy Network", 
                "altitude":100, 
                "transition_angle":40, 
                "time":120, 
                "velocity":[3,60], 
                "temperature":287.5, 
                "speed_sound":339.91009509868928, 
                "pressure":100129.43869106943, 
                "density":1.213282777273089, 
                "range":3780
            }, 
            {
                "name":"Second Climb", 
                "type":"climb", 
                "energy_network":"Hybrid Energy Network", 
                "velocity":60, 
                "altitude":[100,1100], 
                "angle":10, 
                "temperature":[287.5,281], 
                "speed_sound":[339.91009509868928,336.04566585510366], 
                "pressure":[100129.43869106943,88789.763662446421], 
                "density":[1.213282777273089,1.1007651724677936], 
                "time":95.979508052393911, 
                "range":5671.28181961771
            }, 
            {
                "name":"Porto Santo - Madeira", 
                "type":"cruise", 
                "energy_network":"Hybrid Energy Network", 
                "velocity":100, 
                "range":80000, 
                "altitude":1100, 
                "temperature":281, 
                "speed_sound":336.04566585510366, 
                "pressure":88789.763662446421, 
                "density":1.1007651724677936, 
                "time":800
            }, 
            {
                "name":"Second Descent", 
                "type":"descent", 
                "energy_network":"Hybrid Energy Network", 
                "velocity":-70, 
                "altitude":[1100,100], 
                "angle":-10, 
                "temperature":[281,287.5], 
                "speed_sound":[336.04566585510366,339.91009509868928], 
                "pressure":[88789.763662446421,100129.43869106943], 
                "density":[1.1007651724677936,1.213282777273089], 
                "time":82.268149759194785, 
                "range":5671.28181961771
            }, 
            {
                "name":"Second Transition - Down", 
                "type":"transition", 
                "energy_network":"Electric Energy Network", 
                "altitude":100, 
                "transition_angle":40, 
                "time":120, 
                "velocity":[-70,-4], 
                "temperature":287.5, 
                "speed_sound":339.91009509868928, 
                "pressure":100129.43869106943, 
                "density":1.213282777273089, 
                "range":-4440
            }, 
            {
                "name":"Second Vertical Descent", 
                "type":"vertical_descent", 
                "energy_network":"Electric Energy Network", 
                "velocity":-4, 
                "altitude":[100,0], 
                "temperature":[287.5,288.15], 
                "speed_sound":[339.91009509868928,340.29412435568145], 
                "pressure":[100129.43869106943,101325], 
                "density":[1.213282777273089,1.225], 
                "time":25, 
                "range":0
            }, 
            {
                "name":"Final Descent", 
                "type":"landing", 
                "energy_network":"Electric Energy Network", 
                "time":120, 
                "altitude":0, 
                "temperature":288.15, 
                "speed_sound":340.29412435568145, 
                "pressure":101325, 
                "density":1.225, 
                "velocity":0, 
                "range":0
            }
        ], 
        "time":2664.8286489565107, 
        "range":181425.12727847084
    }, 
    "vehicle":{
        "components":[
            {
                "name":"Crew", 
                "type":"mass.point", 
                "mass":100
            }, 
            {
                "name":"Passengers", 
                "type":"mass.point", 
                "mass":1000
            }, 
            {
                "name":"Avionics", 
                "type":"mass.point", 
                "mass":5
            }, 
            {
                "name":"Payload Bay", 
                "type":"mass.point", 
                "mass":10
            }, 
            {
                "name":"Fuselage", 
                "type":"fuselage", 
                "interf_factor":1, 
                "diameter":2.1989256800890233, 
                "length":9.0436291255451469, 
                "mass":800
            }, 
            {
                "name":"Main Wing Front", 
                "type":"wing.main", 
                "interf_factor":1.5, 
                "aspect_ratio":5.7330500330207261, 
                "mean_chord":2.0088634536362044, 
                "oswald_efficiency":0.85, 
                "airfoil":{
                    "type":"naca0012", 
                    "tc_max":0.15, 
                    "xc_max":0.3, 
                    "lift_slope_coefficient":6.2, 
                    "cl_max":1.6
                }, 
                "sweep_le":10, 
                "sweep_c4":15, 
                "sweep_tc_max":20, 
                "mass":200
            }, 
            {
                "name":"Horizontal Tail", 
                "type":"wing.htail", 
                "interf_factor":1.5, 
                "aspect_ratio":5.000681079829838, 
                "mean_chord":2.0042073616435503, 
                "oswald_efficiency":0.85, 
                "airfoil":{
                    "type":"naca0012", 
                    "tc_max":0.15, 
                    "xc_max":0.3, 
                    "lift_slope_coefficient":5.8, 
                    "cl_max":1.6
                }, 
                "sweep_le":10, 
                "sweep_c4":15, 
                "sweep_tc_max":20, 
                "mass":200
            }, 
            {
                "name":"Vertical Tail", 
                "type":"wing.vtail", 
                "interf_factor":1, 
                "aspect_ratio":5, 
                "mean_chord":1, 
                "oswald_efficiency":0.85, 
                "airfoil":{
                    "type":"naca0012", 
                    "tc_max":0.15, 
                    "xc_max":0.3, 
                    "lift_slope_coefficient":6.2, 
                    "cl_max":1.6
                }, 
                "sweep_le":10, 
                "sweep_c4":15, 
                "sweep_tc_max":20, 
                "mass":50
            }, 
            {
                "name":"Turboshaft", 
                "type":"engine.prop", 
                "efficiency":0.8, 
                "mass":100, 
                "brake_specific_fuel_consumption":4.25E-5, 
                "max_power":548632.80631207861
            }, 
            {
                "name":"Battery", 
                "type":"energy.electric", 
                "specific_energy":360000, 
                "efficiency":0.9, 
                "reserve":0.2, 
                "mass":0
            }, 
            {
                "name":"Fuel Tank", 
                "type":"energy.fuel", 
                "reserve":0.06, 
                "mass":0
            }, 
            {
                "name":"Rotor", 
                "type":"driver.rotor.main", 
                "number":4, 
                "number_blades":3, 
                "radius":3.0342736360689107, 
                "rotor_solidity":0.08, 
                "induced_power_factor":1.15, 
                "base_drag_coefficient":0.02, 
                "tip_velocity":240.1, 
                "efficiency":0.6, 
                "mass":20
            }, 
            {
                "name":"Gearbox", 
                "type":"gearbox", 
                "efficiency":0.95, 
                "mass":5
            }, 
            {
                "name":"Generator", 
                "type":"generator", 
                "efficiency":0.96, 
                "mass":50
            }, 
            {
                "name":"Electric Motor", 
                "type":"engine.prop", 
                "number":4, 
                "efficiency":0.97, 
                "mass":50, 
                "brake_specific_fuel_consumption":4.25E-5, 
                "max_power":530908.73708655173
            }
        ]
    }, 
    "energy":{
        "networks":[
            {
                "name":"Electric Energy Network", 
                "layout":[
                    {
                        "name":"Battery"
                    }, 
                    {
                        "name":"Electric Motor"
                    }, 
                    {
                        "name":"Rotor"
                    }
                ]
            }, 
            {
                "name":"Hybrid Energy Network", 
                "layout":[
                    {
                        "name":"Fuel Tank"
                    }, 
                    {
                        "name":"Turboshaft"
                    }, 
                    {
                        "name":"Gearbox"
                    }, 
                    {
                        "name":"Generator"
                    }, 
                    {
                        "name":"Electric Motor"
                    }, 
                    {
                        "name":"Rotor"
                    }
                ]
            }
        ]
    }
}