{
  "concept": {
    "categories": {
      "name": "New Concept",
      "pairs": [
        [ 1       , 0.2     , 0.33333 , 0.125   , 0.25    ],
        [ 5       , 1       , 4       , 0.33333 , 3       ],
        [ 3       , 0.25    , 1       , 0.2     , 2       ],
        [ 8       , 3       , 5       , 1       , 6       ],
        [ 4       , 0.33333 , 0.5     , 0.16666 , 1       ]
      ],
      "categories": [
        { "name": "N Passageiros",
          "pairs": [
            [ 1       , 2       , 4       , 6       , 3        ],
            [ 0.5     , 1       , 3       , 5       , 2        ],
            [ 0.25    , 0.33333 , 1       , 3       , 0.33333  ],
            [ 0.16667 , 0.2     , 0.33333 , 1       , 0.2      ],
            [ 0.33333 , 0.5     , 3       , 5       , 1        ]
        
          ]
        },
        { "name": "Eficiencia",
          "pairs": [
            [ 1       , 3       ],
            [ 0.33333 , 1       ]
          ],
          "categories": [
            { "name": "Cruise",
              "pairs": [
                [ 1       , 0.2     , 3       , 0.25    , 5       ],
                [ 5       , 1       , 7       , 2       , 9       ],
                [ 0.33333 , 0.14286 , 1       , 0.16666 , 3       ],
                [ 4       , 0.5     , 6       , 1       , 9       ],
                [ 0.2     , 0.11111 , 0.33333 , 0.11111 , 1       ]
              ]
            },
            { "name": "VTOL",
              "pairs": [
                [ 1       , 5       , 0.33333 , 4       , 0.2     ],
                [ 0.2     , 1       , 0.125   , 0.5     , 0.11111 ],
                [ 3       , 8       , 1       , 5       , 0.25    ],
                [ 0.25    , 2       , 0.2     , 1       , 0.125   ],
                [ 5       , 9       , 4       , 8       , 1       ]
              ]
            }
          ]
        },
        { "name": "Poluicao",
          "pairs": [
            [ 1       , 0.2     ],
            [ 5       , 1       ]
          ],
          "categories": [
            { "name": "Ruido",
              "pairs": [
                [ 1       , 0.16666 , 0.5     , 0.25    , 0.5     ],
                [ 6       , 1       , 4       , 2       , 4       ],
                [ 2       , 0.25    , 1       , 0.5     , 1       ],
                [ 4       , 0.33333 , 2       , 1       , 2       ],
                [ 2       , 1       , 1       , 0.5     , 1       ]
              ]
            },
            { "name": "Poluicao",
              "pairs": [
                [ 1       , 0.14286 , 4       , 0.5     , 2       ],
                [ 7       , 1       , 9       , 2       , 7       ],
                [ 0.25    , 0.11111 , 1       , 0.5     , 0.33333 ],
                [ 2       , 0.125   , 2       , 1       , 0.5     ],
                [ 0.5     , 0.14286 , 3       , 2       , 1       ]
              ]
            }
          ]
        },
        { "name": "Estabilidade",
          "pairs": [
            [ 1       , 3       ],
            [ 0.33333 , 1       ]
          ],
          "categories": [
            { "name": "Cruise",
              "pairs": [
                [ 1       , 0.33333 , 0.2       , 7     , 0.16667 ],
                [ 3       , 1       , 0.25      , 5     , 0.25    ],
                [ 5       , 4       , 1         , 8     , 0.33333 ],
                [ 0.14286 , 0.2     , 0.125     , 1     , 0.11111 ],
                [ 6       , 4       , 3         , 9     , 1       ]
              ]
            },
            { "name": "VTOL",
              "pairs": [
                [ 1       , 7       , 0.5     , 5       , 0.33333 ],
                [ 0.14286 , 1       , 0.125   , 0.33333 , 0.14286 ],
                [ 2       , 8       , 1       , 4       , 0.33333 ],
                [ 0.2     , 3       , 0.25    , 1       , 0.2     ],
                [ 3       , 7       , 3       , 5       , 1       ]
              ]
            }
          ]
        },
        { "name": "MTOW",
          "pairs": [
              [ 1       , 5      , 0.25    , 6       , 7    ],
              [ 0.2     , 1      , 0.2     , 3       , 4    ],
              [ 4       , 5      , 1       , 7       , 8    ],
              [ 0.16667 , 0.33333, 0.14286 , 1       , 3    ],
              [ 0.14286 , 0.25   , 0.125   , 0.33333 , 1    ]
          ]
        }
      ]
    },
    "designs": [
      {
        "name": "Medeira"
      },
      {
        "name": "Not a Lilium"
      },
      {
        "name": "Cheese Grater"
      },
      {
        "name": "Flying Dorito"
      },
      {
        "name": "Double Trouble"
      }
    ]
  },
  "mission": {
        "segments": [
            {
                "name": "First Ascent",
                "type": "vertical_climb",
                "energy_network": "Electric Energy Network",
                "velocity": 4.0,
                "altitude": [0.0, 100.0]
            },
            {
                "name": "First Transition - Up",
                "type": "transition",
                "energy_network": "Electric Energy Network",
                "altitude": 100.0,
                "transition_angle": 40.0,
                "time": 120.0,
                "velocity": [4.0, 60.0]
            },
            {
                "name": "First Climb",
                "type": "climb",
                "energy_network": "Hybrid Energy Network",
                "velocity": 60.0,
                "altitude": [100.0, 1100.0],
                "angle": 10
            },
            {
                "name": "Madeira - Porto Santo",
                "type": "cruise",
                "energy_network": "Hybrid Energy Network",
                "velocity": 100.0,
                "range": 80000.0,
                "altitude": 1100.0
            },
            {
                "name": "First Descent",
                "type": "descent",
                "energy_network": "Hybrid Energy Network",
                "velocity": -70.0,
                "altitude": [1100.0, 100.0],
                "angle": -10.0
            },
            {
                "name": "First Transition - Down",
                "type": "transition",
                "energy_network": "Electric Energy Network",
                "altitude": 100.0,
                "transition_angle": 40.0,
                "time": 120.0,
                "velocity": [-70.0, -4.0]
            },
            {
                "name": "Second Vertical Descent",
                "type": "vertical_descent",
                "energy_network": "Electric Energy Network",
                "velocity": -4.0,
                "altitude": [100.0, 0.0]
            },
            {
                "name": "Load Porto Santo",
                "type": "load_step",
                "mass": 100.0,
                "time": 0.0,
                "altitude": 0.0
            },
            {
                "name": "Second Ascent",
                "type": "vertical_climb",
                "energy_network": "Electric Energy Network",
                "velocity": 3.0,
                "altitude": [0.0, 100.0]
            },
            {
                "name": "Second Transition - Up",
                "type": "transition",
                "energy_network": "Electric Energy Network",
                "altitude": 100.0,
                "transition_angle": 40.0,
                "time": 120.0,
                "velocity": [3.0, 60.0]
            },
            {
                "name": "Second Climb",
                "type": "climb",
                "energy_network": "Hybrid Energy Network",
                "velocity": 60.0,
                "altitude": [100.0, 1100.0],
                "angle": 10
            },
            {
                "name": "Porto Santo - Madeira",
                "type": "cruise",
                "energy_network": "Hybrid Energy Network",
                "velocity": 100.0,
                "range": 80000.0,
                "altitude": 1100.0
            },
            {
                "name": "Second Descent",
                "type": "descent",
                "energy_network": "Hybrid Energy Network",
                "velocity": -70.0,
                "altitude": [1100.0, 100.0],
                "angle": -10.0
            },
            {
                "name": "Second Transition - Down",
                "type": "transition",
                "energy_network": "Electric Energy Network",
                "altitude": 100.0,
                "transition_angle": 40.0,
                "time": 120.0,
                "velocity": [-70.0, -4.0]
            },
            {
                "name": "Second Vertical Descent",
                "type": "vertical_descent",
                "energy_network": "Electric Energy Network",
                "velocity": -4.0,
                "altitude": [100.0, 0.0]
            },
            {
                "name": "Final Descent",
                "type": "landing",
                "energy_network": "Electric Energy Network",
                "time": 120.0,
                "altitude": 0.0
            }
        ]
    },
    "vehicle": {
        "components": [
            {
                "name": "Crew",
                "type": "mass.point",
                "mass": 100
            },
            {
                "name": "Passengers",
                "type": "mass.point",
                "mass": 1000
            },
            {
                "name": "Avionics",
                "type": "mass.point",
                "mass": 5
            },
            {
                "name": "Payload Bay",
                "type": "mass.point",
                "mass": 10
            },
            {
                "name": "Fuselage",
                "type": "fuselage",
                "interf_factor": 1.0,
                "diameter": 2,
                "length": 9,
                "mass": 800
            },
            {
              "name": "Main Wing Front",
              "type": "wing.main",
              "interf_factor": 1.5,
              "aspect_ratio": 7.0,
              "mean_chord": 2,
              "oswald_efficiency": 0.85,
              "airfoil": {
                "type": "naca2412",
                "tc_max": 0.12,
                "xc_max": 0.3,
                "lift_slope_coefficient": 0.106,
                "cl_max": 2
              },
              "sweep_le": 0.0,
              "sweep_c4": 0.0,
              "sweep_tc_max": 0.0,
              "mass": 200
            },
            {
              "name": "Horizontal Tail",
              "type": "wing.htail",
              "interf_factor": 1.5,
              "aspect_ratio": 7.0,
              "mean_chord": 2,
              "oswald_efficiency": 0.85,
              "airfoil": {
                "type": "naca2412",
                "tc_max": 0.12,
                "xc_max": 0.3,
                "lift_slope_coefficient": 0.0636,
                "cl_max": 2
              },
              "sweep_le": 0.0,
              "sweep_c4": 0.0,
              "sweep_tc_max": 0.0,
              "mass": 200
            },
            {
              "name": "Vertical Tail",
              "type": "wing.vtail",
              "interf_factor": 1.0,
              "aspect_ratio": 5.0,
              "mean_chord": 1.0,
              "oswald_efficiency": 0.85,
              "airfoil": {
                "type": "naca0006",
                "tc_max": 0.06,
                "xc_max": 0.3,
                "lift_slope_coefficient": 0.11,
                "cl_max": 1.5
              },
              "sweep_le": 0,
              "sweep_c4": 0,
              "sweep_tc_max": 0,
              "mass": 50
            },
            {
                "name": "Turboshaft",
                "type": "engine.prop.turboshaft",
                "efficiency": 0.8,
                "mass": 260,
                "brake_specific_fuel_consumption": 4.25e-5, 
                "max_power": 2000000
            },
            {
                "name": "Battery",
                "type": "energy.electric",
                "specific_energy": 360000.0,
                "efficiency": 0.9,
                "reserve": 0.2,
                "mass": 0
            },
            {
                "name": "Fuel Tank",
                "type": "energy.fuel",
                "reserve": 0.06,
                "mass": 0
            },
            {
                "name": "Rotor",
                "type": "driver.rotor.main",
                "number": 4,
                "number_blades": 3,
                "radius": 3,
                "rotor_solidity": 0.08,
                "induced_power_factor": 1.15,
                "base_drag_coefficient": 0.02,
                "tip_velocity": 114.88,
                "efficiency": 0.6,
                "mass": 20
            },
            {
                "name": "Gearbox",
                "type": "gearbox",
                "efficiency": 0.95,
                "mass": 5
            },
            {
                "name": "Generator",
                "type": "generator",
                "efficiency": 0.96,
                "mass": 200
            },
            {
                "name": "Electric Motor",
                "type": "engine.prop.eletric",
                "number": 4,
                "efficiency": 0.97,
                "mass": 160,
                "brake_specific_fuel_consumption": 4.25e-5, 
                "max_power": 550000

            }
        ]
    },
    "energy" : {
        "networks": [
            {
                "name": "Electric Energy Network",
                "layout": [
                    {	"name": "Battery"
                    },
                    {	"name": "Electric Motor"
                    },
                    {	"name": "Rotor"
                    }
                ]
            },
            {
                "name": "Hybrid Energy Network",
                "layout": [
                    {	"name": "Fuel Tank"
                    },
                    {	"name": "Turboshaft"
                    },
                    {	"name": "Gearbox"
                    },
                    {	"name": "Generator"
                    },
                    {	"name": "Electric Motor"
                    },
                    {	"name": "Rotor"
                    }
                ]
            }
        ]
    }
}
