{
    "concept":{
        "categories":{
            "name":"New Concept", 
            "pairs":[[1,0.2,0.33333,0.125],[5,1,4,0.33333],[3,0.25,1,0.2],[8,3,5,1]], 
            "categories":[
                {
                    "name":"N Passageiros", 
                    "pairs":[
                        [1,2,4,6,3], 
                        [0.5,1,3,5,2], 
                        [0.25,0.33333,1,3,0.33333], 
                        [0.16667,0.2,0.33333,1,0.2], 
                        [0.33333,0.5,3,5,1]
                    ], 
                         
                    "weight":0.0513587733859811
                }, 
                {
                    "name":"Eficiencia", 
                    "pairs":[[1,3],[0.33333,1]], 
                    "categories":[
                        {
                            "name":"Cruise", 
                            "pairs":[
                                [1,0.2,3,0.25,5], 
                                [5,1,7,2,9], 
                                [0.33333,0.14286,1,0.16666,3], 
                                [4,0.5,6,1,9], 
                                [0.2,0.11111,0.33333,0.11111,1]
                            ], 
                                 
                            "weight":0.20790741066816812
                        }, 
                        {
                            "name":"VTOL", 
                            "pairs":[
                                [1,5,0.33333,4,0.2], 
                                [0.2,1,0.125,0.5,0.11111], 
                                [3,8,1,5,0.25], 
                                [0.25,2,0.2,1,0.125], 
                                [5,9,4,8,1]
                            ], 
                                 
                            "weight":0.069302123709505309
                        }
                    ], 
                    "weight":0.27720953437767343
                }, 
                {
                    "name":"Poluicao", 
                    "pairs":[[1,0.2],[5,1]], 
                    "categories":[
                        {
                            "name":"Ruido", 
                            "pairs":[
                                [1,0.16666,0.5,0.25,0.5], 
                                [6,1,4,2,4], 
                                [2,0.25,1,0.5,1], 
                                [4,0.33333,2,1,2], 
                                [2,1,1,0.5,1]
                            ], 
                                 
                            "weight":0.017809566060602116
                        }, 
                        {
                            "name":"Poluicao", 
                            "pairs":[
                                [1,0.14286,4,0.5,2], 
                                [7,1,9,2,7], 
                                [0.25,0.11111,1,0.5,0.33333], 
                                [2,0.125,2,1,0.5], 
                                [0.5,0.14286,3,2,1]
                            ], 
                                 
                            "weight":0.089047830303010569
                        }
                    ], 
                    "weight":0.10685739636361268
                }, 
                {
                    "name":"Estabilidade", 
                    "pairs":[[1,3],[0.33333,1]], 
                    "categories":[
                        {
                            "name":"Cruise", 
                            "pairs":[
                                [1,0.33333,0.2,7,0.16667], 
                                [3,1,0.25,5,0.25], 
                                [5,4,1,8,0.33333], 
                                [0.14286,0.2,0.125,1,0.11111], 
                                [6,4,3,9,1]
                            ], 
                                 
                            "weight":0.42343125119493685
                        }, 
                        {
                            "name":"VTOL", 
                            "pairs":[
                                [1,7,0.5,5,0.33333], 
                                [0.14286,1,0.125,0.33333,0.14286], 
                                [2,8,1,4,0.33333], 
                                [0.2,3,0.25,1,0.2], 
                                [3,7,3,5,1]
                            ], 
                                 
                            "weight":0.141143044677796
                        }
                    ], 
                    "weight":0.56457429587273289
                }
            ], 
            "weight":1
        }, 
        "designs":[
            {
                "name":"Medeira", 
                "weight":0.13164484279110397
            }, 
            {
                "name":"Canard", 
                "weight":0.23051166390757583
            }, 
            {
                "name":"Multi-propeller", 
                "weight":0.198623187092312
            }, 
            {
                "name":"Blended Wing", 
                "weight":0.1086436188974713
            }, 
            {
                "name":"Quadrotor", 
                "weight":0.33057668731153694
            }
        ]
    }, 
    "mission":{
        "segments":[
            {
                "name":"First Ascent", 
                "type":"vertical_climb", 
                "energy_network":"Electric Energy Network", 
                "velocity":4, 
                "altitude":[0,100], 
                "temperature":[288.15,287.5], 
                "speed_sound":[340.29412435568145,339.91009509868928], 
                "pressure":[101325,100129.43869106943], 
                "density":[1.225,1.213282777273089], 
                "time":25, 
                "range":0
            }, 
            {
                "name":"First Transition - Up", 
                "type":"transition", 
                "energy_network":"Electric Energy Network", 
                "altitude":100, 
                "transition_angle":40, 
                "time":120, 
                "velocity":[4,60], 
                "temperature":287.5, 
                "speed_sound":339.91009509868928, 
                "pressure":100129.43869106943, 
                "density":1.213282777273089, 
                "range":3840
            }, 
            {
                "name":"First Climb", 
                "type":"climb", 
                "energy_network":"Hybrid Energy Network", 
                "velocity":60, 
                "altitude":[100,1100], 
                "angle":10, 
                "temperature":[287.5,281], 
                "speed_sound":[339.91009509868928,336.04566585510366], 
                "pressure":[100129.43869106943,88789.763662446421], 
                "density":[1.213282777273089,1.1007651724677936], 
                "time":95.979508052393911, 
                "range":5671.28181961771
            }, 
            {
                "name":"Madeira - Porto Santo", 
                "type":"cruise", 
                "energy_network":"Hybrid Energy Network", 
                "velocity":100, 
                "range":80000, 
                "altitude":1100, 
                "temperature":281, 
                "speed_sound":336.04566585510366, 
                "pressure":88789.763662446421, 
                "density":1.1007651724677936, 
                "time":800
            }, 
            {
                "name":"First Descent", 
                "type":"descent", 
                "energy_network":"Hybrid Energy Network", 
                "velocity":-70, 
                "altitude":[1100,100], 
                "angle":-10, 
                "temperature":[281,287.5], 
                "speed_sound":[336.04566585510366,339.91009509868928], 
                "pressure":[88789.763662446421,100129.43869106943], 
                "density":[1.1007651724677936,1.213282777273089], 
                "time":82.268149759194785, 
                "range":5671.28181961771
            }, 
            {
                "name":"First Transition - Down", 
                "type":"transition", 
                "energy_network":"Electric Energy Network", 
                "altitude":100, 
                "transition_angle":40, 
                "time":120, 
                "velocity":[-70,-4], 
                "temperature":287.5, 
                "speed_sound":339.91009509868928, 
                "pressure":100129.43869106943, 
                "density":1.213282777273089, 
                "range":-4440
            }, 
            {
                "name":"Second Vertical Descent", 
                "type":"vertical_descent", 
                "energy_network":"Electric Energy Network", 
                "velocity":-4, 
                "altitude":[100,0], 
                "temperature":[287.5,288.15], 
                "speed_sound":[339.91009509868928,340.29412435568145], 
                "pressure":[100129.43869106943,101325], 
                "density":[1.213282777273089,1.225], 
                "time":25, 
                "range":0
            }, 
            {
                "name":"Load Porto Santo", 
                "type":"load_step", 
                "mass":100, 
                "time":0, 
                "altitude":0, 
                "temperature":288.15, 
                "speed_sound":340.29412435568145, 
                "pressure":101325, 
                "density":1.225, 
                "velocity":0, 
                "range":0
            }, 
            {
                "name":"Second Ascent", 
                "type":"vertical_climb", 
                "energy_network":"Electric Energy Network", 
                "velocity":3, 
                "altitude":[0,100], 
                "temperature":[288.15,287.5], 
                "speed_sound":[340.29412435568145,339.91009509868928], 
                "pressure":[101325,100129.43869106943], 
                "density":[1.225,1.213282777273089], 
                "time":33.333333333333336, 
                "range":0
            }, 
            {
                "name":"Second Transition - Up", 
                "type":"transition", 
                "energy_network":"Electric Energy Network", 
                "altitude":100, 
                "transition_angle":40, 
                "time":120, 
                "velocity":[3,60], 
                "temperature":287.5, 
                "speed_sound":339.91009509868928, 
                "pressure":100129.43869106943, 
                "density":1.213282777273089, 
                "range":3780
            }, 
            {
                "name":"Second Climb", 
                "type":"climb", 
                "energy_network":"Hybrid Energy Network", 
                "velocity":60, 
                "altitude":[100,1100], 
                "angle":10, 
                "temperature":[287.5,281], 
                "speed_sound":[339.91009509868928,336.04566585510366], 
                "pressure":[100129.43869106943,88789.763662446421], 
                "density":[1.213282777273089,1.1007651724677936], 
                "time":95.979508052393911, 
                "range":5671.28181961771
            }, 
            {
                "name":"Porto Santo - Madeira", 
                "type":"cruise", 
                "energy_network":"Hybrid Energy Network", 
                "velocity":100, 
                "range":80000, 
                "altitude":1100, 
                "temperature":281, 
                "speed_sound":336.04566585510366, 
                "pressure":88789.763662446421, 
                "density":1.1007651724677936, 
                "time":800
            }, 
            {
                "name":"Second Descent", 
                "type":"descent", 
                "energy_network":"Hybrid Energy Network", 
                "velocity":-70, 
                "altitude":[1100,100], 
                "angle":-10, 
                "temperature":[281,287.5], 
                "speed_sound":[336.04566585510366,339.91009509868928], 
                "pressure":[88789.763662446421,100129.43869106943], 
                "density":[1.1007651724677936,1.213282777273089], 
                "time":82.268149759194785, 
                "range":5671.28181961771
            }, 
            {
                "name":"Second Transition - Down", 
                "type":"transition", 
                "energy_network":"Electric Energy Network", 
                "altitude":100, 
                "transition_angle":40, 
                "time":120, 
                "velocity":[-70,-4], 
                "temperature":287.5, 
                "speed_sound":339.91009509868928, 
                "pressure":100129.43869106943, 
                "density":1.213282777273089, 
                "range":-4440
            }, 
            {
                "name":"Second Vertical Descent", 
                "type":"vertical_descent", 
                "energy_network":"Electric Energy Network", 
                "velocity":-4, 
                "altitude":[100,0], 
                "temperature":[287.5,288.15], 
                "speed_sound":[339.91009509868928,340.29412435568145], 
                "pressure":[100129.43869106943,101325], 
                "density":[1.213282777273089,1.225], 
                "time":25, 
                "range":0
            }, 
            {
                "name":"Final Descent", 
                "type":"landing", 
                "energy_network":"Electric Energy Network", 
                "time":120, 
                "altitude":0, 
                "temperature":288.15, 
                "speed_sound":340.29412435568145, 
                "pressure":101325, 
                "density":1.225, 
                "velocity":0, 
                "range":0
            }
        ], 
        "time":2664.8286489565107, 
        "range":181425.12727847084
    }, 
    "vehicle":{
        "components":[
            {
                "name":"Crew", 
                "type":"mass.point", 
                "mass":100
            }, 
            {
                "name":"Passengers", 
                "type":"mass.point", 
                "mass":1000
            }, 
            {
                "name":"Avionics", 
                "type":"mass.point", 
                "mass":5
            }, 
            {
                "name":"Payload Bay", 
                "type":"mass.point", 
                "mass":10
            }, 
            {
                "name":"Fuselage", 
                "type":"fuselage", 
                "interf_factor":1, 
                "diameter":2.25, 
                "length":9, 
                "mass":1060, 
                "area_wet":79.521564043991631, 
                "segments":[
                    {
                        "name":"First Ascent", 
                        "base_drag_coefficient":0.021019299956614286, 
                        "lift_slope_coefficient":0
                    }, 
                    {
                        "name":"First Transition - Up", 
                        "base_drag_coefficient":0.014941939222597169, 
                        "lift_slope_coefficient":0
                    }, 
                    {
                        "name":"First Climb", 
                        "base_drag_coefficient":0.013639232024608847, 
                        "lift_slope_coefficient":0
                    }, 
                    {
                        "name":"Madeira - Porto Santo", 
                        "base_drag_coefficient":0.012664662501797059, 
                        "lift_slope_coefficient":0
                    }, 
                    {
                        "name":"First Descent", 
                        "base_drag_coefficient":0.013317876767666293, 
                        "lift_slope_coefficient":0
                    }, 
                    {
                        "name":"First Transition - Down", 
                        "base_drag_coefficient":0.014609593697224596, 
                        "lift_slope_coefficient":0
                    }, 
                    {
                        "name":"Second Vertical Descent", 
                        "base_drag_coefficient":0.021019299956614286, 
                        "lift_slope_coefficient":0
                    }, 
                    {
                        "name":"Load Porto Santo", 
                        "base_drag_coefficient":0, 
                        "lift_slope_coefficient":0
                    }, 
                    {
                        "name":"Second Ascent", 
                        "base_drag_coefficient":0.022117986953597086, 
                        "lift_slope_coefficient":0
                    }, 
                    {
                        "name":"Second Transition - Up", 
                        "base_drag_coefficient":0.014978545487864207, 
                        "lift_slope_coefficient":0
                    }, 
                    {
                        "name":"Second Climb", 
                        "base_drag_coefficient":0.013639232024608847, 
                        "lift_slope_coefficient":0
                    }, 
                    {
                        "name":"Porto Santo - Madeira", 
                        "base_drag_coefficient":0.012664662501797059, 
                        "lift_slope_coefficient":0
                    }, 
                    {
                        "name":"Second Descent", 
                        "base_drag_coefficient":0.013317876767666293, 
                        "lift_slope_coefficient":0
                    }, 
                    {
                        "name":"Second Transition - Down", 
                        "base_drag_coefficient":0.014609593697224596, 
                        "lift_slope_coefficient":0
                    }, 
                    {
                        "name":"Second Vertical Descent", 
                        "base_drag_coefficient":0, 
                        "lift_slope_coefficient":0
                    }, 
                    {
                        "name":"Final Descent", 
                        "base_drag_coefficient":0, 
                        "lift_slope_coefficient":0
                    }
                ]
            }, 
            {
                "name":"Main Wing Front", 
                "type":"wing.main", 
                "interf_factor":1.5, 
                "aspect_ratio":7, 
                "mean_chord":2, 
                "oswald_efficiency":0.85, 
                "airfoil":{
                    "type":"naca2412", 
                    "tc_max":0.12, 
                    "xc_max":0.3, 
                    "lift_slope_coefficient":0.106, 
                    "cl_max":2
                }, 
                "sweep_le":0, 
                "sweep_c4":0, 
                "sweep_tc_max":0, 
                "mass":200, 
                "span":14, 
                "area_ref":28, 
                "area_wet":57.1032, 
                "segments":[
                    {
                        "name":"First Ascent", 
                        "base_drag_coefficient":0.01165854873011281, 
                        "lift_slope_coefficient":0.079959960845777917
                    }, 
                    {
                        "name":"First Transition - Up", 
                        "base_drag_coefficient":0.011624425132671309, 
                        "lift_slope_coefficient":0.080214289357389654
                    }, 
                    {
                        "name":"First Climb", 
                        "base_drag_coefficient":0.011792434866936836, 
                        "lift_slope_coefficient":0.080887228269092309
                    }, 
                    {
                        "name":"Madeira - Porto Santo", 
                        "base_drag_coefficient":0.011939783118335507, 
                        "lift_slope_coefficient":0.082667309574639553
                    }, 
                    {
                        "name":"First Descent", 
                        "base_drag_coefficient":0.011813158037500748, 
                        "lift_slope_coefficient":0.0812323741246733
                    }, 
                    {
                        "name":"First Transition - Down", 
                        "base_drag_coefficient":0.011641450452446162, 
                        "lift_slope_coefficient":0.080301945461538946
                    }, 
                    {
                        "name":"Second Vertical Descent", 
                        "base_drag_coefficient":0.01165854873011281, 
                        "lift_slope_coefficient":0.079959960845777917
                    }, 
                    {
                        "name":"Load Porto Santo", 
                        "base_drag_coefficient":0, 
                        "lift_slope_coefficient":0.079955949751962144
                    }, 
                    {
                        "name":"Second Ascent", 
                        "base_drag_coefficient":0.0045791982173326888, 
                        "lift_slope_coefficient":0.079958205911153712
                    }, 
                    {
                        "name":"Second Transition - Up", 
                        "base_drag_coefficient":0.011622688304416503, 
                        "lift_slope_coefficient":0.080206238195772717
                    }, 
                    {
                        "name":"Second Climb", 
                        "base_drag_coefficient":0.011792434866936836, 
                        "lift_slope_coefficient":0.080887228269092309
                    }, 
                    {
                        "name":"Porto Santo - Madeira", 
                        "base_drag_coefficient":0.011939783118335507, 
                        "lift_slope_coefficient":0.082667309574639553
                    }, 
                    {
                        "name":"Second Descent", 
                        "base_drag_coefficient":0.011813158037500748, 
                        "lift_slope_coefficient":0.0812323741246733
                    }, 
                    {
                        "name":"Second Transition - Down", 
                        "base_drag_coefficient":0.011641450452446162, 
                        "lift_slope_coefficient":0.080301945461538946
                    }, 
                    {
                        "name":"Second Vertical Descent", 
                        "base_drag_coefficient":0, 
                        "lift_slope_coefficient":0
                    }, 
                    {
                        "name":"Final Descent", 
                        "base_drag_coefficient":0, 
                        "lift_slope_coefficient":0.079955949751962144
                    }
                ]
            }, 
            {
                "name":"Horizontal Tail", 
                "type":"wing.htail", 
                "interf_factor":1.5, 
                "aspect_ratio":7, 
                "mean_chord":2, 
                "oswald_efficiency":0.85, 
                "airfoil":{
                    "type":"naca2412", 
                    "tc_max":0.12, 
                    "xc_max":0.3, 
                    "lift_slope_coefficient":0.0636, 
                    "cl_max":2
                }, 
                "sweep_le":0, 
                "sweep_c4":0, 
                "sweep_tc_max":0, 
                "mass":200, 
                "span":14, 
                "area_ref":28, 
                "area_wet":57.1032, 
                "segments":[
                    {
                        "name":"First Ascent", 
                        "base_drag_coefficient":0.01165854873011281, 
                        "lift_slope_coefficient":0.047975976507466753
                    }, 
                    {
                        "name":"First Transition - Up", 
                        "base_drag_coefficient":0.011624425132671309, 
                        "lift_slope_coefficient":0.048128573614433796
                    }, 
                    {
                        "name":"First Climb", 
                        "base_drag_coefficient":0.011792434866936836, 
                        "lift_slope_coefficient":0.04853233696145539
                    }, 
                    {
                        "name":"Madeira - Porto Santo", 
                        "base_drag_coefficient":0.011939783118335507, 
                        "lift_slope_coefficient":0.049600385744783738
                    }, 
                    {
                        "name":"First Descent", 
                        "base_drag_coefficient":0.011813158037500748, 
                        "lift_slope_coefficient":0.048739424474803984
                    }, 
                    {
                        "name":"First Transition - Down", 
                        "base_drag_coefficient":0.011641450452446162, 
                        "lift_slope_coefficient":0.04818116727692337
                    }, 
                    {
                        "name":"Second Vertical Descent", 
                        "base_drag_coefficient":0.01165854873011281, 
                        "lift_slope_coefficient":0.047975976507466753
                    }, 
                    {
                        "name":"Load Porto Santo", 
                        "base_drag_coefficient":0, 
                        "lift_slope_coefficient":0.047973569851177289
                    }, 
                    {
                        "name":"Second Ascent", 
                        "base_drag_coefficient":0.0045791982173326888, 
                        "lift_slope_coefficient":0.047974923546692229
                    }, 
                    {
                        "name":"Second Transition - Up", 
                        "base_drag_coefficient":0.011622688304416503, 
                        "lift_slope_coefficient":0.04812374291746363
                    }, 
                    {
                        "name":"Second Climb", 
                        "base_drag_coefficient":0.011792434866936836, 
                        "lift_slope_coefficient":0.04853233696145539
                    }, 
                    {
                        "name":"Porto Santo - Madeira", 
                        "base_drag_coefficient":0.011939783118335507, 
                        "lift_slope_coefficient":0.049600385744783738
                    }, 
                    {
                        "name":"Second Descent", 
                        "base_drag_coefficient":0.011813158037500748, 
                        "lift_slope_coefficient":0.048739424474803984
                    }, 
                    {
                        "name":"Second Transition - Down", 
                        "base_drag_coefficient":0.011641450452446162, 
                        "lift_slope_coefficient":0.04818116727692337
                    }, 
                    {
                        "name":"Second Vertical Descent", 
                        "base_drag_coefficient":0, 
                        "lift_slope_coefficient":0
                    }, 
                    {
                        "name":"Final Descent", 
                        "base_drag_coefficient":0, 
                        "lift_slope_coefficient":0.047973569851177289
                    }
                ]
            }, 
            {
                "name":"Vertical Tail", 
                "type":"wing.vtail", 
                "interf_factor":1, 
                "aspect_ratio":5, 
                "mean_chord":1, 
                "oswald_efficiency":0.85, 
                "airfoil":{
                    "type":"naca0006", 
                    "tc_max":0.1, 
                    "xc_max":0.3, 
                    "lift_slope_coefficient":0.11, 
                    "cl_max":1.5
                }, 
                "sweep_le":0, 
                "sweep_c4":0, 
                "sweep_tc_max":0, 
                "mass":50, 
                "span":5, 
                "area_ref":5, 
                "area_wet":10.041, 
                "segments":[
                    {
                        "name":"First Ascent", 
                        "base_drag_coefficient":0.00061580814038478683, 
                        "lift_slope_coefficient":0.074476863828810788
                    }, 
                    {
                        "name":"First Transition - Up", 
                        "base_drag_coefficient":0.0013661329966463602, 
                        "lift_slope_coefficient":0.07468206086682258
                    }, 
                    {
                        "name":"First Climb", 
                        "base_drag_coefficient":0.00137958548940685, 
                        "lift_slope_coefficient":0.0752238875910983
                    }, 
                    {
                        "name":"Madeira - Porto Santo", 
                        "base_drag_coefficient":0.0013921037871811714, 
                        "lift_slope_coefficient":0.076649324739767752
                    }, 
                    {
                        "name":"First Descent", 
                        "base_drag_coefficient":0.001380445539249688, 
                        "lift_slope_coefficient":0.075501158847073854
                    }, 
                    {
                        "name":"First Transition - Down", 
                        "base_drag_coefficient":0.0013665574759577921, 
                        "lift_slope_coefficient":0.07475273003991445
                    }, 
                    {
                        "name":"Second Vertical Descent", 
                        "base_drag_coefficient":0.00061580814038478683, 
                        "lift_slope_coefficient":0.074476863828810788
                    }, 
                    {
                        "name":"Load Porto Santo", 
                        "base_drag_coefficient":0, 
                        "lift_slope_coefficient":0.0744736257569591
                    }, 
                    {
                        "name":"Second Ascent", 
                        "base_drag_coefficient":0.00067518971982617477, 
                        "lift_slope_coefficient":0.074475447113971416
                    }, 
                    {
                        "name":"Second Transition - Up", 
                        "base_drag_coefficient":0.00136610155201632, 
                        "lift_slope_coefficient":0.074675568571045556
                    }, 
                    {
                        "name":"Second Climb", 
                        "base_drag_coefficient":0.00137958548940685, 
                        "lift_slope_coefficient":0.0752238875910983
                    }, 
                    {
                        "name":"Porto Santo - Madeira", 
                        "base_drag_coefficient":0.0013921037871811714, 
                        "lift_slope_coefficient":0.076649324739767752
                    }, 
                    {
                        "name":"Second Descent", 
                        "base_drag_coefficient":0.001380445539249688, 
                        "lift_slope_coefficient":0.075501158847073854
                    }, 
                    {
                        "name":"Second Transition - Down", 
                        "base_drag_coefficient":0.0013665574759577921, 
                        "lift_slope_coefficient":0.07475273003991445
                    }, 
                    {
                        "name":"Second Vertical Descent", 
                        "base_drag_coefficient":0, 
                        "lift_slope_coefficient":0
                    }, 
                    {
                        "name":"Final Descent", 
                        "base_drag_coefficient":0, 
                        "lift_slope_coefficient":0.0744736257569591
                    }
                ]
            }, 
            {
                "name":"Turboshaft", 
                "type":"engine.prop.turboshaft", 
                "efficiency":0.8, 
                "mass":260, 
                "brake_specific_fuel_consumption":4.25E-5, 
                "max_power":2.0E+6
            }, 
            {
                "name":"Battery", 
                "type":"energy.electric", 
                "specific_energy":360000, 
                "efficiency":0.9, 
                "reserve":0.2, 
                "mass":556.21695539084237
            }, 
            {
                "name":"Fuel Tank", 
                "type":"energy.fuel", 
                "reserve":0.06, 
                "mass":2385.7504079394266
            }, 
            {
                "name":"Rotor", 
                "type":"driver.rotor.main", 
                "number":4, 
                "number_blades":3, 
                "radius":2.2, 
                "rotor_solidity":0.08, 
                "induced_power_factor":1.15, 
                "base_drag_coefficient":0.02, 
                "tip_velocity":238, 
                "efficiency":0.85056529846803774, 
                "mass":20
            }, 
            {
                "name":"Gearbox", 
                "type":"gearbox", 
                "efficiency":0.95, 
                "mass":5
            }, 
            {
                "name":"Generator", 
                "type":"generator", 
                "efficiency":0.96, 
                "mass":200
            }, 
            {
                "name":"Electric Motor", 
                "type":"engine.prop.eletric", 
                "number":4, 
                "efficiency":0.97, 
                "mass":160, 
                "brake_specific_fuel_consumption":4.25E-5, 
                "max_power":550000
            }
        ], 
        "segments":[
            {
                "name":"First Ascent", 
                "base_drag_coefficient":0.044952205557224692
            }, 
            {
                "name":"First Transition - Up", 
                "base_drag_coefficient":0.03955692248458615
            }, 
            {
                "name":"First Climb", 
                "base_drag_coefficient":0.038603687247889373
            }, 
            {
                "name":"Madeira - Porto Santo", 
                "base_drag_coefficient":0.03793633252564925
            }, 
            {
                "name":"First Descent", 
                "base_drag_coefficient":0.038324638381917478
            }, 
            {
                "name":"First Transition - Down", 
                "base_drag_coefficient":0.039259052078074709
            }, 
            {
                "name":"Second Vertical Descent", 
                "base_drag_coefficient":0.08990441111444937
            }, 
            {
                "name":"Load Porto Santo", 
                "base_drag_coefficient":0
            }, 
            {
                "name":"Second Ascent", 
                "base_drag_coefficient":0.031951573108088639
            }, 
            {
                "name":"Second Transition - Up", 
                "base_drag_coefficient":0.039590023648713536
            }, 
            {
                "name":"Second Climb", 
                "base_drag_coefficient":0.038603687247889373
            }, 
            {
                "name":"Porto Santo - Madeira", 
                "base_drag_coefficient":0.03793633252564925
            }, 
            {
                "name":"Second Descent", 
                "base_drag_coefficient":0.038324638381917478
            }, 
            {
                "name":"Second Transition - Down", 
                "base_drag_coefficient":0.039259052078074709
            }, 
            {
                "name":"Second Vertical Descent", 
                "base_drag_coefficient":0
            }, 
            {
                "name":"Final Descent", 
                "base_drag_coefficient":0
            }
        ], 
        "mass":7006.3557788848029
    }, 
    "energy":{
        "networks":[
            {
                "name":"Electric Energy Network", 
                "layout":[
                    {
                        "name":"Battery"
                    }, 
                    {
                        "name":"Electric Motor"
                    }, 
                    {
                        "name":"Rotor"
                    }
                ]
            }, 
            {
                "name":"Hybrid Energy Network", 
                "layout":[
                    {
                        "name":"Fuel Tank"
                    }, 
                    {
                        "name":"Turboshaft"
                    }, 
                    {
                        "name":"Gearbox"
                    }, 
                    {
                        "name":"Generator"
                    }, 
                    {
                        "name":"Electric Motor"
                    }, 
                    {
                        "name":"Rotor"
                    }
                ]
            }
        ]
    }
}
